{
  "objective": "Teach cause and effect in short stories",
  "topic": "War",
  "model_id": "microsoft/Phi-3-mini-4k-instruct",
  "chosen": [
    {
      "uri": "http://example.org/lom#obj-ac77253d1f-006",
      "title": "An Occurrence at Owl Creek Bridge (chunk 7)",
      "difficulty": 7,
      "similarity": 0.020273869765566572
    },
    {
      "uri": "http://example.org/lom#obj-ac77253d1f-000",
      "title": "An Occurrence at Owl Creek Bridge (chunk 1)",
      "difficulty": 7,
      "similarity": 0.020141027625883285
    }
  ],
  "pairs": [],
  "fairness": {
    "passed": false,
    "toxicity": {
      "toxicity": 0.0003671022714115679,
      "severe_toxicity": 1.2547590131362085e-06,
      "obscene": 2.762393341981806e-05,
      "identity_attack": 6.940928869880736e-05,
      "insult": 0.00010518725321162492,
      "threat": 1.3904146726417821e-05,
      "sexual_explicit": 1.1157526387250982e-05
    },
    "non_inclusive": {
      "flagged": [],
      "passed": true
    },
    "gendered_occupations": {
      "pairs": [],
      "balanced": true,
      "passed": true
    },
    "pronoun_balance": {
      "counts": {
        "male": 1,
        "female": 0,
        "they": 5
      },
      "ratio_m_f": null,
      "passed": false
    },
    "readability": {
      "fk_grade": 23.3,
      "passed": false
    }
  }
}