{
  "objective": "Teach cause and effect in short stories",
  "topic": "Nature",
  "model_id": "microsoft/Phi-3-mini-4k-instruct",
  "chosen": [
    {
      "uri": "http://example.org/lom#obj-a2c8f06978-004",
      "title": "The Open Boat (chunk 5)",
      "difficulty": 8,
      "similarity": 0.021256691394034653
    },
    {
      "uri": "http://example.org/lom#obj-a2c8f06978-007",
      "title": "The Open Boat (chunk 8)",
      "difficulty": 8,
      "similarity": 0.01711511817393293
    }
  ],
  "pairs": [],
  "fairness": {
    "passed": true,
    "toxicity": {
      "toxicity": 0.0005003079422749579,
      "severe_toxicity": 1.4231031855160836e-06,
      "obscene": 3.3594838896533474e-05,
      "identity_attack": 8.733769209356979e-05,
      "insult": 0.00012587601668201387,
      "threat": 1.6873813365236856e-05,
      "sexual_explicit": 1.4377649677044246e-05
    },
    "non_inclusive": {
      "flagged": [],
      "passed": true
    },
    "gendered_occupations": {
      "pairs": [],
      "balanced": true,
      "passed": true
    },
    "pronoun_balance": {
      "counts": {
        "male": 0,
        "female": 0,
        "they": 2
      },
      "ratio_m_f": null,
      "passed": true
    },
    "readability": {
      "fk_grade": 19.4,
      "passed": false
    }
  }
}