{
  "objective": "Teach cause and effect in short stories",
  "topic": "Ethics",
  "model_id": "microsoft/Phi-3-mini-4k-instruct",
  "chosen": [
    {
      "uri": "http://example.org/lom#obj-22f30d708d-015",
      "title": "The Happy Prince (chunk 16)",
      "difficulty": 5,
      "similarity": 0.02136315925971653
    },
    {
      "uri": "http://example.org/lom#obj-22f30d708d-000",
      "title": "The Happy Prince (chunk 1)",
      "difficulty": 5,
      "similarity": 0.0
    }
  ],
  "pairs": [],
  "fairness": {
    "passed": true,
    "toxicity": {
      "toxicity": 0.0006868538330309093,
      "severe_toxicity": 2.7704597869160352e-06,
      "obscene": 5.9584817790891975e-05,
      "identity_attack": 0.00023261961177922785,
      "insult": 0.00020637524721678346,
      "threat": 1.8314192857360467e-05,
      "sexual_explicit": 6.190469139255583e-05
    },
    "non_inclusive": {
      "flagged": [],
      "passed": true
    },
    "gendered_occupations": {
      "pairs": [],
      "balanced": true,
      "passed": true
    },
    "pronoun_balance": {
      "counts": {
        "male": 2,
        "female": 2,
        "they": 1
      },
      "ratio_m_f": 1.0,
      "passed": true
    },
    "readability": {
      "fk_grade": 19.3,
      "passed": false
    }
  }
}