{
  "objective": "Teach cause and effect in short stories",
  "topic": "Nature",
  "model_id": "microsoft/Phi-3-mini-4k-instruct",
  "chosen": [
    {
      "uri": "http://example.org/lom#obj-a2c8f06978-004",
      "title": "The Open Boat (chunk 5)",
      "difficulty": 8,
      "similarity": 0.021256691394034653
    },
    {
      "uri": "http://example.org/lom#obj-a2c8f06978-007",
      "title": "The Open Boat (chunk 8)",
      "difficulty": 8,
      "similarity": 0.01711511817393293
    }
  ],
  "pairs": [],
  "fairness": {
    "passed": true,
    "toxicity": {
      "toxicity": 0.00036238098982721567,
      "severe_toxicity": 1.2958021216036286e-06,
      "obscene": 2.6330684704589657e-05,
      "identity_attack": 6.987983215367422e-05,
      "insult": 0.00010169304005103186,
      "threat": 1.4905240277585108e-05,
      "sexual_explicit": 1.191198498418089e-05
    },
    "non_inclusive": {
      "flagged": [],
      "passed": true
    },
    "gendered_occupations": {
      "pairs": [],
      "balanced": true,
      "passed": true
    },
    "pronoun_balance": {
      "counts": {
        "male": 0,
        "female": 0,
        "they": 1
      },
      "ratio_m_f": null,
      "passed": true
    },
    "readability": {
      "fk_grade": 23.0,
      "passed": false
    }
  }
}