{
  "objective": "Teach cause and effect in short stories",
  "topic": "Society",
  "model_id": "microsoft/Phi-3-mini-4k-instruct",
  "chosen": [
    {
      "uri": "http://example.org/lom#obj-660c3fc721-019",
      "title": "The Yellow Wallpaper (chunk 20)",
      "difficulty": 7,
      "similarity": 0.020351591404179997
    },
    {
      "uri": "http://example.org/lom#obj-660c3fc721-032",
      "title": "The Yellow Wallpaper (chunk 33)",
      "difficulty": 7,
      "similarity": 0.01890329211377459
    }
  ],
  "pairs": [
    "I’ve pulled off most of the paper - -> You can’t put me back!"
  ],
  "fairness": {
    "passed": true,
    "toxicity": {
      "toxicity": 0.0004377533623483032,
      "severe_toxicity": 1.432238946108555e-06,
      "obscene": 3.298843148513697e-05,
      "identity_attack": 7.249396730912849e-05,
      "insult": 0.00010625313007039949,
      "threat": 1.552757021272555e-05,
      "sexual_explicit": 1.3683103134098928e-05
    },
    "non_inclusive": {
      "flagged": [],
      "passed": true
    },
    "gendered_occupations": {
      "pairs": [],
      "balanced": true,
      "passed": true
    },
    "pronoun_balance": {
      "counts": {
        "male": 0,
        "female": 0,
        "they": 3
      },
      "ratio_m_f": null,
      "passed": true
    },
    "readability": {
      "fk_grade": 15.7,
      "passed": false
    }
  }
}