{
  "objective": "Teach cause and effect in short stories",
  "topic": "Society",
  "model_id": "microsoft/Phi-3-mini-4k-instruct",
  "chosen": [
    {
      "uri": "http://example.org/lom#obj-660c3fc721-033",
      "title": "The Yellow Wallpaper (chunk 34)",
      "difficulty": 7,
      "similarity": 0.022074222832662953
    },
    {
      "uri": "http://example.org/lom#obj-660c3fc721-019",
      "title": "The Yellow Wallpaper (chunk 20)",
      "difficulty": 7,
      "similarity": 0.020835998611151745
    },
    {
      "uri": "http://example.org/lom#obj-21cc1897f9-000",
      "title": "The Necklace (chunk 1)",
      "difficulty": 6,
      "similarity": 0.0
    },
    {
      "uri": "http://example.org/lom#obj-21cc1897f9-001",
      "title": "The Necklace (chunk 2)",
      "difficulty": 6,
      "similarity": 0.0
    },
    {
      "uri": "http://example.org/lom#obj-21cc1897f9-002",
      "title": "The Necklace (chunk 3)",
      "difficulty": 6,
      "similarity": 0.0
    }
  ],
  "pairs": [
    "And I’ve pulled off most of the paper -> You can’t put me back!” Now why should that man have fainted?",
    "But he did, and right across my path by the wall -> I had to creep over him every time!",
    "There is nothing so dangerous -> Fascinating, to a temperament like yours",
    "She felt so sad when she came home -> She had a friend, a former schoolmate at the convent, who was rich, and whom she did not like to go to see any more"
  ],
  "fairness": {
    "flagged_terms": [],
    "passed": true
  }
}