{
  "objective": "Teach cause and effect in short stories",
  "topic": "Ethics",
  "model_id": "microsoft/Phi-3-mini-4k-instruct",
  "chosen": [
    {
      "uri": "http://example.org/lom#obj-22f30d708d-015",
      "title": "The Happy Prince (chunk 16)",
      "difficulty": 5,
      "similarity": 0.02136315925971653
    },
    {
      "uri": "http://example.org/lom#obj-22f30d708d-000",
      "title": "The Happy Prince (chunk 1)",
      "difficulty": 5,
      "similarity": 0.0
    }
  ],
  "pairs": [],
  "fairness": {
    "passed": false,
    "toxicity": {
      "toxicity": 0.0005283902282826602,
      "severe_toxicity": 2.259705752294394e-06,
      "obscene": 5.020022581447847e-05,
      "identity_attack": 0.00015788365271873772,
      "insult": 0.0001653292856644839,
      "threat": 1.7122181816375814e-05,
      "sexual_explicit": 4.5096945541445166e-05
    },
    "non_inclusive": {
      "flagged": [],
      "passed": true
    },
    "gendered_occupations": {
      "pairs": [],
      "balanced": true,
      "passed": true
    },
    "pronoun_balance": {
      "counts": {
        "male": 0,
        "female": 2,
        "they": 0
      },
      "ratio_m_f": 0.0,
      "passed": false
    },
    "readability": {
      "fk_grade": 11.4,
      "passed": false
    }
  }
}