{
  "objective": "Teach cause and effect in short stories",
  "topic": "Society",
  "model_id": "microsoft/Phi-3-mini-4k-instruct",
  "chosen": [
    {
      "uri": "http://example.org/lom#obj-660c3fc721-019",
      "title": "The Yellow Wallpaper (chunk 20)",
      "difficulty": 7,
      "similarity": 0.020351591404179997
    },
    {
      "uri": "http://example.org/lom#obj-660c3fc721-032",
      "title": "The Yellow Wallpaper (chunk 33)",
      "difficulty": 7,
      "similarity": 0.01890329211377459
    }
  ],
  "pairs": [
    "I’ve pulled off most of the paper - -> You can’t put me back!"
  ],
  "fairness": {
    "flagged_terms": [],
    "passed": true
  }
}