{
  "objective": "Teach cause and effect in short stories",
  "topic": "Ethics",
  "model_id": "microsoft/Phi-3-mini-4k-instruct",
  "chosen": [
    {
      "uri": "http://example.org/lom#obj-22f30d708d-015",
      "title": "The Happy Prince (chunk 16)",
      "difficulty": 5,
      "similarity": 0.02136315925971653
    },
    {
      "uri": "http://example.org/lom#obj-22f30d708d-000",
      "title": "The Happy Prince (chunk 1)",
      "difficulty": 5,
      "similarity": 0.0
    }
  ],
  "pairs": [],
  "fairness": {
    "passed": true,
    "toxicity": {
      "toxicity": 0.0007625409052707255,
      "severe_toxicity": 2.941041202575434e-06,
      "obscene": 6.928272341610864e-05,
      "identity_attack": 0.0002424014819553122,
      "insult": 0.00024376428336836398,
      "threat": 1.910776882141363e-05,
      "sexual_explicit": 7.758913852740079e-05
    },
    "non_inclusive": {
      "flagged": [],
      "passed": true
    },
    "gendered_occupations": {
      "pairs": [],
      "balanced": true,
      "passed": true
    },
    "pronoun_balance": {
      "counts": {
        "male": 1,
        "female": 2,
        "they": 0
      },
      "ratio_m_f": 0.5,
      "passed": true
    },
    "readability": {
      "fk_grade": 13.1,
      "passed": false
    }
  }
}