{
  "objective": "Teach cause and effect in short stories",
  "topic": "Ethics",
  "model_id": "microsoft/Phi-3-mini-4k-instruct",
  "chosen": [
    {
      "uri": "http://example.org/lom#obj-22f30d708d-015",
      "title": "The Happy Prince (chunk 16)",
      "difficulty": 5,
      "similarity": 0.02136315925971653
    },
    {
      "uri": "http://example.org/lom#obj-22f30d708d-000",
      "title": "The Happy Prince (chunk 1)",
      "difficulty": 5,
      "similarity": 0.0
    }
  ],
  "pairs": [],
  "fairness": {
    "passed": true,
    "toxicity": {
      "toxicity": 0.0007510185823775828,
      "severe_toxicity": 2.768890908555477e-06,
      "obscene": 6.150855188025162e-05,
      "identity_attack": 0.00023661089653614908,
      "insult": 0.00023596386017743498,
      "threat": 1.8490263755666092e-05,
      "sexual_explicit": 6.73762770020403e-05
    },
    "non_inclusive": {
      "flagged": [],
      "passed": true
    },
    "gendered_occupations": {
      "pairs": [],
      "balanced": true,
      "passed": true
    },
    "pronoun_balance": {
      "counts": {
        "male": 2,
        "female": 3,
        "they": 4
      },
      "ratio_m_f": 0.6666666666666666,
      "passed": true
    },
    "readability": {
      "fk_grade": 11.2,
      "passed": false
    }
  }
}