{
  "objective": "Teach cause and effect in short stories",
  "topic": "Ethics",
  "model_id": "microsoft/Phi-3-mini-4k-instruct",
  "chosen": [
    {
      "uri": "http://example.org/lom#obj-22f30d708d-015",
      "title": "The Happy Prince (chunk 16)",
      "difficulty": 5,
      "similarity": 0.02136315925971653
    },
    {
      "uri": "http://example.org/lom#obj-22f30d708d-000",
      "title": "The Happy Prince (chunk 1)",
      "difficulty": 5,
      "similarity": 0.0
    }
  ],
  "pairs": [],
  "fairness": {
    "passed": true,
    "toxicity": {
      "toxicity": 0.0006115547730587423,
      "severe_toxicity": 2.8455790470616193e-06,
      "obscene": 6.857402331661433e-05,
      "identity_attack": 0.00021659629419445992,
      "insult": 0.00020747735106851906,
      "threat": 1.8811104382621124e-05,
      "sexual_explicit": 5.9265199524816126e-05
    },
    "non_inclusive": {
      "flagged": [],
      "passed": true
    },
    "gendered_occupations": {
      "pairs": [],
      "balanced": true,
      "passed": true
    },
    "pronoun_balance": {
      "counts": {
        "male": 1,
        "female": 2,
        "they": 2
      },
      "ratio_m_f": 0.5,
      "passed": true
    },
    "readability": {
      "fk_grade": 53.4,
      "passed": false
    }
  }
}