{
  "objective": "Teach cause and effect in short stories",
  "topic": "Society",
  "model_id": "microsoft/Phi-3-mini-4k-instruct",
  "chosen": [
    {
      "uri": "http://example.org/lom#obj-660c3fc721-019",
      "title": "The Yellow Wallpaper (chunk 20)",
      "difficulty": 7,
      "similarity": 0.020351591404179997
    },
    {
      "uri": "http://example.org/lom#obj-660c3fc721-032",
      "title": "The Yellow Wallpaper (chunk 33)",
      "difficulty": 7,
      "similarity": 0.01890329211377459
    }
  ],
  "pairs": [
    "I’ve pulled off most of the paper - -> You can’t put me back!"
  ],
  "fairness": {
    "passed": true,
    "toxicity": {
      "toxicity": 0.000378544966224581,
      "severe_toxicity": 1.2714931472146418e-06,
      "obscene": 3.330008257762529e-05,
      "identity_attack": 6.33656163699925e-05,
      "insult": 0.00011326029198244214,
      "threat": 1.479226557421498e-05,
      "sexual_explicit": 1.2086123206245247e-05
    },
    "non_inclusive": {
      "flagged": [],
      "passed": true
    },
    "gendered_occupations": {
      "pairs": [],
      "balanced": true,
      "passed": true
    },
    "pronoun_balance": {
      "counts": {
        "male": 1,
        "female": 1,
        "they": 0
      },
      "ratio_m_f": 1.0,
      "passed": true
    },
    "readability": {
      "fk_grade": 23.1,
      "passed": false
    }
  }
}