{
  "objective": "Teach cause and effect in short stories",
  "topic": "Nature",
  "model_id": "microsoft/Phi-3-mini-4k-instruct",
  "chosen": [
    {
      "uri": "http://example.org/lom#obj-a2c8f06978-004",
      "title": "The Open Boat (chunk 5)",
      "difficulty": 8,
      "similarity": 0.021256691394034653
    },
    {
      "uri": "http://example.org/lom#obj-a2c8f06978-007",
      "title": "The Open Boat (chunk 8)",
      "difficulty": 8,
      "similarity": 0.01711511817393293
    }
  ],
  "pairs": [],
  "fairness": {
    "passed": true,
    "toxicity": {
      "toxicity": 0.0003793605137616396,
      "severe_toxicity": 1.5129736539165606e-06,
      "obscene": 2.9128936148481444e-05,
      "identity_attack": 7.539940997958183e-05,
      "insult": 9.523193875793368e-05,
      "threat": 1.7868178474600427e-05,
      "sexual_explicit": 1.2838831935368944e-05
    },
    "non_inclusive": {
      "flagged": [],
      "passed": true
    },
    "gendered_occupations": {
      "pairs": [],
      "balanced": true,
      "passed": true
    },
    "pronoun_balance": {
      "counts": {
        "male": 0,
        "female": 0,
        "they": 0
      },
      "ratio_m_f": null,
      "passed": true
    },
    "readability": {
      "fk_grade": 10.9,
      "passed": false
    }
  }
}