{
  "objective": "Teach cause and effect in short stories",
  "topic": "Ethics",
  "model_id": "microsoft/Phi-3-mini-4k-instruct",
  "chosen": [
    {
      "uri": "http://example.org/lom#obj-22f30d708d-015",
      "title": "The Happy Prince (chunk 16)",
      "difficulty": 5,
      "similarity": 0.02136315925971653
    },
    {
      "uri": "http://example.org/lom#obj-22f30d708d-000",
      "title": "The Happy Prince (chunk 1)",
      "difficulty": 5,
      "similarity": 0.0
    }
  ],
  "pairs": [],
  "fairness": {
    "passed": false,
    "toxicity": {
      "toxicity": 0.000850043841637671,
      "severe_toxicity": 3.1055644740263233e-06,
      "obscene": 7.931202708277851e-05,
      "identity_attack": 0.00022839210578240454,
      "insult": 0.0003161742351949215,
      "threat": 2.4696088075870648e-05,
      "sexual_explicit": 7.129068399081007e-05
    },
    "non_inclusive": {
      "flagged": [],
      "passed": true
    },
    "gendered_occupations": {
      "pairs": [],
      "balanced": true,
      "passed": true
    },
    "pronoun_balance": {
      "counts": {
        "male": 1,
        "female": 3,
        "they": 2
      },
      "ratio_m_f": 0.3333333333333333,
      "passed": false
    },
    "readability": {
      "fk_grade": 19.2,
      "passed": false
    }
  }
}