{
  "objective": "Teach cause and effect in short stories",
  "topic": "Ethics",
  "model_id": "microsoft/Phi-3-mini-4k-instruct",
  "chosen": [
    {
      "uri": "http://example.org/lom#obj-22f30d708d-015",
      "title": "The Happy Prince (chunk 16)",
      "difficulty": 5,
      "similarity": 0.02136315925971653
    },
    {
      "uri": "http://example.org/lom#obj-22f30d708d-000",
      "title": "The Happy Prince (chunk 1)",
      "difficulty": 5,
      "similarity": 0.0
    }
  ],
  "pairs": [],
  "fairness": {
    "passed": true,
    "toxicity": {
      "toxicity": 0.0006924232002347708,
      "severe_toxicity": 2.24747896027111e-06,
      "obscene": 5.438035441329703e-05,
      "identity_attack": 0.00018012896180152893,
      "insult": 0.00022874689602758735,
      "threat": 1.695132777967956e-05,
      "sexual_explicit": 5.012708425056189e-05
    },
    "non_inclusive": {
      "flagged": [],
      "passed": true
    },
    "gendered_occupations": {
      "pairs": [],
      "balanced": true,
      "passed": true
    },
    "pronoun_balance": {
      "counts": {
        "male": 1,
        "female": 2,
        "they": 2
      },
      "ratio_m_f": 0.5,
      "passed": true
    },
    "readability": {
      "fk_grade": 23.0,
      "passed": false
    }
  }
}