{
  "objective": "Teach cause and effect in short stories",
  "topic": "Ethics",
  "model_id": "microsoft/Phi-3-mini-4k-instruct",
  "chosen": [
    {
      "uri": "http://example.org/lom#obj-22f30d708d-015",
      "title": "The Happy Prince (chunk 16)",
      "difficulty": 5,
      "similarity": 0.02136315925971653
    },
    {
      "uri": "http://example.org/lom#obj-22f30d708d-000",
      "title": "The Happy Prince (chunk 1)",
      "difficulty": 5,
      "similarity": 0.0
    }
  ],
  "pairs": [],
  "fairness": {
    "passed": true,
    "toxicity": {
      "toxicity": 0.00042445468716323376,
      "severe_toxicity": 1.6809685803309549e-06,
      "obscene": 3.974968785769306e-05,
      "identity_attack": 9.492829121882096e-05,
      "insult": 0.0001167229565908201,
      "threat": 1.6286248865071684e-05,
      "sexual_explicit": 2.410695560683962e-05
    },
    "non_inclusive": {
      "flagged": [],
      "passed": true
    },
    "gendered_occupations": {
      "pairs": [],
      "balanced": true,
      "passed": true
    },
    "pronoun_balance": {
      "counts": {
        "male": 0,
        "female": 0,
        "they": 0
      },
      "ratio_m_f": null,
      "passed": true
    },
    "readability": {
      "fk_grade": 12.7,
      "passed": false
    }
  }
}