{
  "objective": "Teach cause and effect in short stories",
  "topic": "Ethics",
  "model_id": "microsoft/Phi-3-mini-4k-instruct",
  "chosen": [
    {
      "uri": "http://example.org/lom#obj-22f30d708d-015",
      "title": "The Happy Prince (chunk 16)",
      "difficulty": 5,
      "similarity": 0.02136315925971653
    },
    {
      "uri": "http://example.org/lom#obj-22f30d708d-000",
      "title": "The Happy Prince (chunk 1)",
      "difficulty": 5,
      "similarity": 0.0
    }
  ],
  "pairs": [],
  "fairness": {
    "passed": true,
    "toxicity": {
      "toxicity": 0.0008003207622095942,
      "severe_toxicity": 3.0603050618083216e-06,
      "obscene": 8.532778883818537e-05,
      "identity_attack": 0.00024089423823170364,
      "insult": 0.00024819199461489916,
      "threat": 2.5931178242899477e-05,
      "sexual_explicit": 6.053000470274128e-05
    },
    "non_inclusive": {
      "flagged": [],
      "passed": true
    },
    "gendered_occupations": {
      "pairs": [],
      "balanced": true,
      "passed": true
    },
    "pronoun_balance": {
      "counts": {
        "male": 1,
        "female": 2,
        "they": 0
      },
      "ratio_m_f": 0.5,
      "passed": true
    },
    "readability": {
      "fk_grade": 11.6,
      "passed": false
    }
  }
}