{
  "objective": "Teach cause and effect in short stories",
  "topic": "Society",
  "model_id": "microsoft/Phi-3-mini-4k-instruct",
  "chosen": [
    {
      "uri": "http://example.org/lom#obj-660c3fc721-019",
      "title": "The Yellow Wallpaper (chunk 20)",
      "difficulty": 7,
      "similarity": 0.020351591404179997
    },
    {
      "uri": "http://example.org/lom#obj-660c3fc721-032",
      "title": "The Yellow Wallpaper (chunk 33)",
      "difficulty": 7,
      "similarity": 0.01890329211377459
    }
  ],
  "pairs": [
    "I’ve pulled off most of the paper - -> You can’t put me back!"
  ],
  "fairness": {
    "passed": true,
    "toxicity": {
      "toxicity": 0.003873602021485567,
      "severe_toxicity": 4.688330591307022e-05,
      "obscene": 0.00023692534887231886,
      "identity_attack": 0.00042493196087889373,
      "insult": 0.001487503875978291,
      "threat": 0.000290903466520831,
      "sexual_explicit": 0.00024723686510697007
    },
    "non_inclusive": {
      "flagged": [],
      "passed": true
    },
    "gendered_occupations": {
      "pairs": [],
      "balanced": true,
      "passed": true
    },
    "pronoun_balance": {
      "counts": {
        "male": 2,
        "female": 3,
        "they": 2
      },
      "ratio_m_f": 0.6666666666666666,
      "passed": true
    },
    "readability": {
      "fk_grade": 31.2,
      "passed": false
    }
  }
}