{
  "objective": "Teach cause and effect in short stories",
  "topic": "Nature",
  "model_id": "TinyLlama/TinyLlama-1.1B-Chat-v1.0",
  "chosen": [
    {
      "uri": "http://example.org/lom#obj-22f30d708d-015",
      "title": "the happy prince (chunk 16)",
      "difficulty": 4,
      "similarity": 0.0215173807187555
    },
    {
      "uri": "http://example.org/lom#obj-21cc1897f9-000",
      "title": "the diamond necklace (chunk 1)",
      "difficulty": 3,
      "similarity": 0.0
    }
  ],
  "pairs": [],
  "fairness": {
    "flagged_terms": [],
    "passed": true
  }
}