{
  "objective": "Teach cause and effect in short stories",
  "topic": "War",
  "model_id": "microsoft/Phi-3-mini-4k-instruct",
  "chosen": [
    {
      "uri": "http://example.org/lom#obj-ac77253d1f-006",
      "title": "An Occurrence at Owl Creek Bridge (chunk 7)",
      "difficulty": 7,
      "similarity": 0.020273869765566572
    },
    {
      "uri": "http://example.org/lom#obj-ac77253d1f-000",
      "title": "An Occurrence at Owl Creek Bridge (chunk 1)",
      "difficulty": 7,
      "similarity": 0.020141027625883285
    }
  ],
  "pairs": [],
  "fairness": {
    "passed": false,
    "toxicity": {
      "toxicity": 0.0005787425325252116,
      "severe_toxicity": 2.450139845677768e-06,
      "obscene": 5.778655759058893e-05,
      "identity_attack": 0.000109135165985208,
      "insult": 0.00017844000831246376,
      "threat": 2.273852442158386e-05,
      "sexual_explicit": 1.7529051547171548e-05
    },
    "non_inclusive": {
      "flagged": [],
      "passed": true
    },
    "gendered_occupations": {
      "pairs": [],
      "balanced": true,
      "passed": true
    },
    "pronoun_balance": {
      "counts": {
        "male": 1,
        "female": 0,
        "they": 3
      },
      "ratio_m_f": null,
      "passed": false
    },
    "readability": {
      "fk_grade": 37.5,
      "passed": false
    }
  }
}