{
  "objective": "Teach cause and effect in short stories",
  "topic": "Nature",
  "model_id": "microsoft/Phi-3-mini-4k-instruct",
  "chosen": [
    {
      "uri": "http://example.org/lom#obj-a2c8f06978-004",
      "title": "The Open Boat (chunk 5)",
      "difficulty": 8,
      "similarity": 0.021256691394034653
    },
    {
      "uri": "http://example.org/lom#obj-a2c8f06978-007",
      "title": "The Open Boat (chunk 8)",
      "difficulty": 8,
      "similarity": 0.01711511817393293
    }
  ],
  "pairs": [],
  "fairness": {
    "passed": true,
    "toxicity": {
      "toxicity": 0.00035874807508662343,
      "severe_toxicity": 1.3734462527281721e-06,
      "obscene": 2.6900615921476856e-05,
      "identity_attack": 6.906398630235344e-05,
      "insult": 9.722566755954176e-05,
      "threat": 1.641734706936404e-05,
      "sexual_explicit": 1.2015078027616255e-05
    },
    "non_inclusive": {
      "flagged": [],
      "passed": true
    },
    "gendered_occupations": {
      "pairs": [],
      "balanced": true,
      "passed": true
    },
    "pronoun_balance": {
      "counts": {
        "male": 0,
        "female": 0,
        "they": 1
      },
      "ratio_m_f": null,
      "passed": true
    },
    "readability": {
      "fk_grade": 13.6,
      "passed": false
    }
  }
}