title,topic,difficulty,text
Moby Dick,Nature,9,"A sudden wave struck the lifeboat, causing it to tip violently—this instability threw the sailor off balance, so he scrambled to the other side to steady it, which in turn shifted weight and allowed the craft to right itself."
Frankenstein,Science & Ethics,8,"When Victor stitched lifeless tissue onto a skeleton, the resulting creature stirred into life—a brilliant scientific triumph, but it triggered fear, horror, and a chain of tragic decisions that haunted Victor thereafter."
Pride and Prejudice,Social Relations,7,"Elizabeth heard that her sister had rejected a proposal hastily, and as a result she updated her opinion of him—realizing he was more judgmental than she initially thought shifted her feelings completely."
Little Women,Family & Growth,6,"Jo's impulsive decision to enter the play caused a mishap: she burned her hair in the process, forcing her to face more scrutiny and reconsider the consequences of her whims."
Alice's Adventures in Wonderland,Fantasy,5,"Alice drank from a strange bottle labelled 'Drink Me,' which caused her to shrink dramatically—this miniaturization allowed her to slip under the door and continue her journey through Wonderland."
